fraction,task,seed,model,threshold,macro_f1,micro_f1,prediction
100pct,superdiagnostic,42,clear_hug,0.5,0.5895914087066959,0.6147448015122874,C:\Users\14014\Desktop\CLEAR-HUG\results\q1-clear-deepsets-hilar-10seed-20260903\assembled\superdiagnostic-seed42\formal-test\hug\test_predictions.npz
100pct,superdiagnostic,42,heartlang,0.5,0.6567312202479358,0.7090352220520674,C:\Users\14014\Desktop\CLEAR-HUG\src\CLEAR-HUG\results\q1-heartlang-stmem-linear-probe-seeds42-46-55-20260914\100pct\superdiagnostic-seed42\heartlang\formal-test\test_predictions.npz
100pct,superdiagnostic,42,hilar,0.5,0.6835131615865857,0.7520692249811889,C:\Users\14014\Desktop\CLEAR-HUG\results\q1-clear-deepsets-hilar-10seed-20260903\assembled\superdiagnostic-seed42\formal-test\paired\test_predictions.npz
100pct,superdiagnostic,46,clear_hug,0.5,0.6027318068620098,0.6284953395472703,C:\Users\14014\Desktop\CLEAR-HUG\results\q1-clear-deepsets-hilar-10seed-20260903\assembled\superdiagnostic-seed46\formal-test\hug\test_predictions.npz
100pct,superdiagnostic,46,heartlang,0.5,0.6501277502413596,0.7000983284169124,C:\Users\14014\Desktop\CLEAR-HUG\src\CLEAR-HUG\results\q1-heartlang-stmem-linear-probe-seeds42-46-55-20260914\100pct\superdiagnostic-seed46\heartlang\formal-test\test_predictions.npz
100pct,superdiagnostic,46,hilar,0.5,0.6907754507778638,0.7506542056074766,C:\Users\14014\Desktop\CLEAR-HUG\results\q1-clear-deepsets-hilar-10seed-20260903\assembled\superdiagnostic-seed46\formal-test\paired\test_predictions.npz
100pct,superdiagnostic,55,clear_hug,0.5,0.6067336203879561,0.6281789493224429,C:\Users\14014\Desktop\CLEAR-HUG\results\q1-six-task-three-fraction-seeds52-61-20260910\100pct\superdiagnostic-seed55\formal-test\hug\test_predictions.npz
100pct,superdiagnostic,55,heartlang,0.5,0.6371357936064748,0.6962962962962963,C:\Users\14014\Desktop\CLEAR-HUG\src\CLEAR-HUG\results\q1-heartlang-stmem-linear-probe-seeds42-46-55-20260914\100pct\superdiagnostic-seed55\heartlang\formal-test\test_predictions.npz
100pct,superdiagnostic,55,hilar,0.5,0.6888652363670588,0.7528174305033809,C:\Users\14014\Desktop\CLEAR-HUG\results\q1-six-task-three-fraction-seeds52-61-20260910\100pct\superdiagnostic-seed55\formal-test\paired\test_predictions.npz
100pct,subdiagnostic,42,clear_hug,0.5,0.2899869643108289,0.4974757281553398,C:\Users\14014\Desktop\CLEAR-HUG\results\q1-clear-deepsets-hilar-10seed-20260903\assembled\subdiagnostic-seed42\formal-test\hug\test_predictions.npz
100pct,subdiagnostic,42,heartlang,0.5,0.2611779101291746,0.5758002818602779,C:\Users\14014\Desktop\CLEAR-HUG\src\CLEAR-HUG\results\q1-heartlang-stmem-linear-probe-seeds42-46-55-20260914\100pct\subdiagnostic-seed42\heartlang\formal-test\test_predictions.npz
100pct,subdiagnostic,42,hilar,0.5,0.3335368576294635,0.658724340175953,C:\Users\14014\Desktop\CLEAR-HUG\results\q1-clear-deepsets-hilar-10seed-20260903\assembled\subdiagnostic-seed42\formal-test\paired\test_predictions.npz
100pct,subdiagnostic,46,clear_hug,0.5,0.3051963918483862,0.5128604832424006,C:\Users\14014\Desktop\CLEAR-HUG\results\q1-clear-deepsets-hilar-10seed-20260903\assembled\subdiagnostic-seed46\formal-test\hug\test_predictions.npz
100pct,subdiagnostic,46,heartlang,0.5,0.28390183228749993,0.5831353919239906,C:\Users\14014\Desktop\CLEAR-HUG\src\CLEAR-HUG\results\q1-heartlang-stmem-linear-probe-seeds42-46-55-20260914\100pct\subdiagnostic-seed46\heartlang\formal-test\test_predictions.npz
100pct,subdiagnostic,46,hilar,0.5,0.32819161266461067,0.6546816479400749,C:\Users\14014\Desktop\CLEAR-HUG\results\q1-clear-deepsets-hilar-10seed-20260903\assembled\subdiagnostic-seed46\formal-test\paired\test_predictions.npz
100pct,subdiagnostic,55,clear_hug,0.5,0.26184737344524356,0.4896959804121608,C:\Users\14014\Desktop\CLEAR-HUG\results\q1-six-task-three-fraction-seeds52-61-20260910\100pct\subdiagnostic-seed55\formal-test\hug\test_predictions.npz
100pct,subdiagnostic,55,heartlang,0.5,0.27169944375027283,0.5717188134904511,C:\Users\14014\Desktop\CLEAR-HUG\src\CLEAR-HUG\results\q1-heartlang-stmem-linear-probe-seeds42-46-55-20260914\100pct\subdiagnostic-seed55\heartlang\formal-test\test_predictions.npz
100pct,subdiagnostic,55,hilar,0.5,0.33189142405438465,0.6549621142117908,C:\Users\14014\Desktop\CLEAR-HUG\results\q1-six-task-three-fraction-seeds52-61-20260910\100pct\subdiagnostic-seed55\formal-test\paired\test_predictions.npz
100pct,form,42,clear_hug,0.5,0.11610152828873525,0.34092307692307694,C:\Users\14014\Desktop\CLEAR-HUG\results\q1-clear-deepsets-hilar-10seed-20260903\assembled\form-seed42\formal-test\hug\test_predictions.npz
100pct,form,42,heartlang,0.5,0.13185889726077862,0.358560794044665,C:\Users\14014\Desktop\CLEAR-HUG\src\CLEAR-HUG\results\q1-heartlang-stmem-linear-probe-seeds42-46-55-20260914\100pct\form-seed42\heartlang\formal-test\test_predictions.npz
100pct,form,42,hilar,0.5,0.21790985796267084,0.4857296715131933,C:\Users\14014\Desktop\CLEAR-HUG\results\q1-clear-deepsets-hilar-10seed-20260903\assembled\form-seed42\formal-test\paired\test_predictions.npz
100pct,form,46,clear_hug,0.5,0.08851766485845769,0.331421287444232,C:\Users\14014\Desktop\CLEAR-HUG\results\q1-clear-deepsets-hilar-10seed-20260903\assembled\form-seed46\formal-test\hug\test_predictions.npz
100pct,form,46,heartlang,0.5,0.14951118046448025,0.37014563106796117,C:\Users\14014\Desktop\CLEAR-HUG\src\CLEAR-HUG\results\q1-heartlang-stmem-linear-probe-seeds42-46-55-20260914\100pct\form-seed46\heartlang\formal-test\test_predictions.npz
100pct,form,46,hilar,0.5,0.2356555865820887,0.46153846153846156,C:\Users\14014\Desktop\CLEAR-HUG\results\q1-clear-deepsets-hilar-10seed-20260903\assembled\form-seed46\formal-test\paired\test_predictions.npz
100pct,form,55,clear_hug,0.5,0.16072648904611944,0.3958785249457701,C:\Users\14014\Desktop\CLEAR-HUG\results\q1-six-task-three-fraction-seeds52-61-20260910\100pct\form-seed55\formal-test\hug\test_predictions.npz
100pct,form,55,heartlang,0.5,0.14935613316559584,0.37163814180929094,C:\Users\14014\Desktop\CLEAR-HUG\src\CLEAR-HUG\results\q1-heartlang-stmem-linear-probe-seeds42-46-55-20260914\100pct\form-seed55\heartlang\formal-test\test_predictions.npz
100pct,form,55,hilar,0.5,0.2552145356999944,0.5007874015748032,C:\Users\14014\Desktop\CLEAR-HUG\results\q1-six-task-three-fraction-seeds52-61-20260910\100pct\form-seed55\formal-test\paired\test_predictions.npz
100pct,rhythm,42,clear_hug,0.5,0.31707090329325355,0.8685468451242829,C:\Users\14014\Desktop\CLEAR-HUG\results\q1-clear-deepsets-hilar-10seed-20260903\assembled\rhythm-seed42\formal-test\hug\test_predictions.npz
100pct,rhythm,42,heartlang,0.5,0.3146474075257295,0.8565891472868217,C:\Users\14014\Desktop\CLEAR-HUG\src\CLEAR-HUG\results\q1-heartlang-stmem-linear-probe-seeds42-46-55-20260914\100pct\rhythm-seed42\heartlang\formal-test\test_predictions.npz
100pct,rhythm,42,hilar,0.5,0.45409974476193565,0.8976490144858703,C:\Users\14014\Desktop\CLEAR-HUG\results\q1-clear-deepsets-hilar-10seed-20260903\assembled\rhythm-seed42\formal-test\paired\test_predictions.npz
100pct,rhythm,46,clear_hug,0.5,0.3041578427977172,0.8647492274780129,C:\Users\14014\Desktop\CLEAR-HUG\results\q1-clear-deepsets-hilar-10seed-20260903\assembled\rhythm-seed46\formal-test\hug\test_predictions.npz
100pct,rhythm,46,heartlang,0.5,0.29753722986178205,0.859942638623327,C:\Users\14014\Desktop\CLEAR-HUG\src\CLEAR-HUG\results\q1-heartlang-stmem-linear-probe-seeds42-46-55-20260914\100pct\rhythm-seed46\heartlang\formal-test\test_predictions.npz
100pct,rhythm,46,hilar,0.5,0.380763963532035,0.8931297709923665,C:\Users\14014\Desktop\CLEAR-HUG\results\q1-clear-deepsets-hilar-10seed-20260903\assembled\rhythm-seed46\formal-test\paired\test_predictions.npz
100pct,rhythm,55,clear_hug,0.5,0.29950647162139415,0.8633672744494435,C:\Users\14014\Desktop\CLEAR-HUG\results\q1-six-task-three-fraction-seeds52-61-20260910\100pct\rhythm-seed55\formal-test\hug\test_predictions.npz
100pct,rhythm,55,heartlang,0.5,0.3105488506168134,0.8555582348685797,C:\Users\14014\Desktop\CLEAR-HUG\src\CLEAR-HUG\results\q1-heartlang-stmem-linear-probe-seeds42-46-55-20260914\100pct\rhythm-seed55\heartlang\formal-test\test_predictions.npz
100pct,rhythm,55,hilar,0.5,0.3774863755904542,0.8934543717152413,C:\Users\14014\Desktop\CLEAR-HUG\results\q1-six-task-three-fraction-seeds52-61-20260910\100pct\rhythm-seed55\formal-test\paired\test_predictions.npz
100pct,cpsc2018,42,clear_hug,0.5,0.48374805030395873,0.559322033898305,C:\Users\14014\Desktop\CLEAR-HUG\results\q1-clear-deepsets-hilar-10seed-20260903\assembled\cpsc2018-seed42\formal-test\hug\test_predictions.npz
100pct,cpsc2018,42,heartlang,0.5,0.2528152530995322,0.37716615698267075,C:\Users\14014\Desktop\CLEAR-HUG\src\CLEAR-HUG\results\q1-heartlang-stmem-linear-probe-seeds42-46-55-20260914\100pct\cpsc2018-seed42\heartlang\formal-test\test_predictions.npz
100pct,cpsc2018,42,hilar,0.5,0.6489969167802045,0.7322604242867593,C:\Users\14014\Desktop\CLEAR-HUG\results\q1-clear-deepsets-hilar-10seed-20260903\assembled\cpsc2018-seed42\formal-test\paired\test_predictions.npz
100pct,cpsc2018,46,clear_hug,0.5,0.49013320861013415,0.5436643835616438,C:\Users\14014\Desktop\CLEAR-HUG\results\q1-clear-deepsets-hilar-10seed-20260903\assembled\cpsc2018-seed46\formal-test\hug\test_predictions.npz
100pct,cpsc2018,46,heartlang,0.5,0.2758263346723837,0.39558232931726905,C:\Users\14014\Desktop\CLEAR-HUG\src\CLEAR-HUG\results\q1-heartlang-stmem-linear-probe-seeds42-46-55-20260914\100pct\cpsc2018-seed46\heartlang\formal-test\test_predictions.npz
100pct,cpsc2018,46,hilar,0.5,0.6672229238816954,0.7254833040421793,C:\Users\14014\Desktop\CLEAR-HUG\results\q1-clear-deepsets-hilar-10seed-20260903\assembled\cpsc2018-seed46\formal-test\paired\test_predictions.npz
100pct,cpsc2018,55,clear_hug,0.5,0.5018330303971331,0.5826446280991735,C:\Users\14014\Desktop\CLEAR-HUG\results\q1-six-task-three-fraction-seeds52-61-20260910\100pct\cpsc2018-seed55\formal-test\hug\test_predictions.npz
100pct,cpsc2018,55,heartlang,0.5,0.2722127489146269,0.387227572225038,C:\Users\14014\Desktop\CLEAR-HUG\src\CLEAR-HUG\results\q1-heartlang-stmem-linear-probe-seeds42-46-55-20260914\100pct\cpsc2018-seed55\heartlang\formal-test\test_predictions.npz
100pct,cpsc2018,55,hilar,0.5,0.6867219766824664,0.742696233720521,C:\Users\14014\Desktop\CLEAR-HUG\results\q1-six-task-three-fraction-seeds52-61-20260910\100pct\cpsc2018-seed55\formal-test\paired\test_predictions.npz
100pct,csn,42,clear_hug,0.5,0.28026516422439895,0.6386772106398274,C:\Users\14014\Desktop\CLEAR-HUG\results\q1-clear-deepsets-hilar-10seed-20260903\assembled\csn-seed42\formal-test\hug\test_predictions.npz
100pct,csn,42,heartlang,0.5,0.2456356030771989,0.6325704499455084,C:\Users\14014\Desktop\CLEAR-HUG\src\CLEAR-HUG\results\q1-heartlang-stmem-linear-probe-seeds42-46-55-20260914\100pct\csn-seed42\heartlang\formal-test\test_predictions.npz
100pct,csn,42,hilar,0.5,0.34030661124016637,0.7394422310756972,C:\Users\14014\Desktop\CLEAR-HUG\results\q1-clear-deepsets-hilar-10seed-20260903\assembled\csn-seed42\formal-test\paired\test_predictions.npz
100pct,csn,46,clear_hug,0.5,0.2946213067309996,0.5989628931241161,C:\Users\14014\Desktop\CLEAR-HUG\results\q1-clear-deepsets-hilar-10seed-20260903\assembled\csn-seed46\formal-test\hug\test_predictions.npz
100pct,csn,46,heartlang,0.5,0.2533367722659623,0.6339782251116158,C:\Users\14014\Desktop\CLEAR-HUG\src\CLEAR-HUG\results\q1-heartlang-stmem-linear-probe-seeds42-46-55-20260914\100pct\csn-seed46\heartlang\formal-test\test_predictions.npz
100pct,csn,46,hilar,0.5,0.34577335361172706,0.7282852390250958,C:\Users\14014\Desktop\CLEAR-HUG\results\q1-clear-deepsets-hilar-10seed-20260903\assembled\csn-seed46\formal-test\paired\test_predictions.npz
100pct,csn,55,clear_hug,0.5,0.28010236828708923,0.6398372802557024,C:\Users\14014\Desktop\CLEAR-HUG\results\q1-six-task-three-fraction-seeds52-61-20260910\100pct\csn-seed55\formal-test\hug\test_predictions.npz
100pct,csn,55,heartlang,0.5,0.24952318026930712,0.6326957329822659,C:\Users\14014\Desktop\CLEAR-HUG\src\CLEAR-HUG\results\q1-heartlang-stmem-linear-probe-seeds42-46-55-20260914\100pct\csn-seed55\heartlang\formal-test\test_predictions.npz
100pct,csn,55,hilar,0.5,0.3758474431729084,0.7349088640931457,C:\Users\14014\Desktop\CLEAR-HUG\results\q1-six-task-three-fraction-seeds52-61-20260910\100pct\csn-seed55\formal-test\paired\test_predictions.npz
10pct,superdiagnostic,42,clear_hug,0.5,0.49017716541680245,0.6039434204886412,C:\Users\14014\Desktop\CLEAR-HUG\results\q1-six-task-low-label-10seed-20260909\10pct\superdiagnostic-seed42\formal-test\hug\test_predictions.npz
10pct,superdiagnostic,42,heartlang,0.5,0.5787260620174428,0.6523656776263032,C:\Users\14014\Desktop\CLEAR-HUG\src\CLEAR-HUG\results\q1-heartlang-stmem-linear-probe-seeds42-46-55-20260914\10pct\superdiagnostic-seed42\heartlang\formal-test\test_predictions.npz
10pct,superdiagnostic,42,hilar,0.5,0.5885663782147839,0.6907176287051482,C:\Users\14014\Desktop\CLEAR-HUG\results\q1-six-task-low-label-10seed-20260909\10pct\superdiagnostic-seed42\formal-test\paired\test_predictions.npz
10pct,superdiagnostic,46,clear_hug,0.5,0.521536609100538,0.6383133406034169,C:\Users\14014\Desktop\CLEAR-HUG\results\q1-six-task-low-label-10seed-20260909\10pct\superdiagnostic-seed46\formal-test\hug\test_predictions.npz
10pct,superdiagnostic,46,heartlang,0.5,0.586605172357992,0.6493975903614457,C:\Users\14014\Desktop\CLEAR-HUG\src\CLEAR-HUG\results\q1-heartlang-stmem-linear-probe-seeds42-46-55-20260914\10pct\superdiagnostic-seed46\heartlang\formal-test\test_predictions.npz
10pct,superdiagnostic,46,hilar,0.5,0.6165593138741452,0.6963360828697487,C:\Users\14014\Desktop\CLEAR-HUG\results\q1-six-task-low-label-10seed-20260909\10pct\superdiagnostic-seed46\formal-test\paired\test_predictions.npz
10pct,superdiagnostic,55,clear_hug,0.5,0.502062964251022,0.6020430341230167,C:\Users\14014\Desktop\CLEAR-HUG\results\q1-six-task-three-fraction-seeds52-61-20260910\10pct\superdiagnostic-seed55\formal-test\hug\test_predictions.npz
10pct,superdiagnostic,55,heartlang,0.5,0.5855489186655182,0.6483316481294237,C:\Users\14014\Desktop\CLEAR-HUG\src\CLEAR-HUG\results\q1-heartlang-stmem-linear-probe-seeds42-46-55-20260914\10pct\superdiagnostic-seed55\heartlang\formal-test\test_predictions.npz
10pct,superdiagnostic,55,hilar,0.5,0.6185974873091243,0.7007438489414457,C:\Users\14014\Desktop\CLEAR-HUG\results\q1-six-task-three-fraction-seeds52-61-20260910\10pct\superdiagnostic-seed55\formal-test\paired\test_predictions.npz
10pct,subdiagnostic,42,clear_hug,0.5,0.2164308166323251,0.513672270609682,C:\Users\14014\Desktop\CLEAR-HUG\results\q1-six-task-low-label-10seed-20260909\10pct\subdiagnostic-seed42\formal-test\hug\test_predictions.npz
10pct,subdiagnostic,42,heartlang,0.5,0.18736802298284957,0.5126903553299492,C:\Users\14014\Desktop\CLEAR-HUG\src\CLEAR-HUG\results\q1-heartlang-stmem-linear-probe-seeds42-46-55-20260914\10pct\subdiagnostic-seed42\heartlang\formal-test\test_predictions.npz
10pct,subdiagnostic,42,hilar,0.5,0.28421767098504674,0.5959017906590364,C:\Users\14014\Desktop\CLEAR-HUG\results\q1-six-task-low-label-10seed-20260909\10pct\subdiagnostic-seed42\formal-test\paired\test_predictions.npz
10pct,subdiagnostic,46,clear_hug,0.5,0.22431799875768849,0.5282185177746536,C:\Users\14014\Desktop\CLEAR-HUG\results\q1-six-task-low-label-10seed-20260909\10pct\subdiagnostic-seed46\formal-test\hug\test_predictions.npz
10pct,subdiagnostic,46,heartlang,0.5,0.18447405929859736,0.5154464663563267,C:\Users\14014\Desktop\CLEAR-HUG\src\CLEAR-HUG\results\q1-heartlang-stmem-linear-probe-seeds42-46-55-20260914\10pct\subdiagnostic-seed46\heartlang\formal-test\test_predictions.npz
10pct,subdiagnostic,46,hilar,0.5,0.2898501055349083,0.6023251522421111,C:\Users\14014\Desktop\CLEAR-HUG\results\q1-six-task-low-label-10seed-20260909\10pct\subdiagnostic-seed46\formal-test\paired\test_predictions.npz
10pct,subdiagnostic,55,clear_hug,0.5,0.20859561332708695,0.5442708333333334,C:\Users\14014\Desktop\CLEAR-HUG\results\q1-six-task-three-fraction-seeds52-61-20260910\10pct\subdiagnostic-seed55\formal-test\hug\test_predictions.npz
10pct,subdiagnostic,55,heartlang,0.5,0.183985517034318,0.5083881928222552,C:\Users\14014\Desktop\CLEAR-HUG\src\CLEAR-HUG\results\q1-heartlang-stmem-linear-probe-seeds42-46-55-20260914\10pct\subdiagnostic-seed55\heartlang\formal-test\test_predictions.npz
10pct,subdiagnostic,55,hilar,0.5,0.2786207327997703,0.5893358278765201,C:\Users\14014\Desktop\CLEAR-HUG\results\q1-six-task-three-fraction-seeds52-61-20260910\10pct\subdiagnostic-seed55\formal-test\paired\test_predictions.npz
10pct,form,42,clear_hug,0.5,0.0970562660436103,0.33789411064842356,C:\Users\14014\Desktop\CLEAR-HUG\results\q1-six-task-low-label-10seed-20260909\10pct\form-seed42\formal-test\hug\test_predictions.npz
10pct,form,42,heartlang,0.5,0.07858394020589095,0.25375170532060026,C:\Users\14014\Desktop\CLEAR-HUG\src\CLEAR-HUG\results\q1-heartlang-stmem-linear-probe-seeds42-46-55-20260914\10pct\form-seed42\heartlang\formal-test\test_predictions.npz
10pct,form,42,hilar,0.5,0.1618235855912673,0.36757872999483737,C:\Users\14014\Desktop\CLEAR-HUG\results\q1-six-task-low-label-10seed-20260909\10pct\form-seed42\formal-test\paired\test_predictions.npz
10pct,form,46,clear_hug,0.5,0.10234855309811122,0.36363636363636365,C:\Users\14014\Desktop\CLEAR-HUG\results\q1-six-task-low-label-10seed-20260909\10pct\form-seed46\formal-test\hug\test_predictions.npz
10pct,form,46,heartlang,0.5,0.08536986055157592,0.30440414507772023,C:\Users\14014\Desktop\CLEAR-HUG\src\CLEAR-HUG\results\q1-heartlang-stmem-linear-probe-seeds42-46-55-20260914\10pct\form-seed46\heartlang\formal-test\test_predictions.npz
10pct,form,46,hilar,0.5,0.18772776768698932,0.40334378265412746,C:\Users\14014\Desktop\CLEAR-HUG\results\q1-six-task-low-label-10seed-20260909\10pct\form-seed46\formal-test\paired\test_predictions.npz
10pct,form,55,clear_hug,0.5,0.12820517399572698,0.35978835978835977,C:\Users\14014\Desktop\CLEAR-HUG\results\q1-six-task-three-fraction-seeds52-61-20260910\10pct\form-seed55\formal-test\hug\test_predictions.npz
10pct,form,55,heartlang,0.5,0.08431712050573127,0.271343481138319,C:\Users\14014\Desktop\CLEAR-HUG\src\CLEAR-HUG\results\q1-heartlang-stmem-linear-probe-seeds42-46-55-20260914\10pct\form-seed55\heartlang\formal-test\test_predictions.npz
10pct,form,55,hilar,0.5,0.16054303330826633,0.37024608501118567,C:\Users\14014\Desktop\CLEAR-HUG\results\q1-six-task-three-fraction-seeds52-61-20260910\10pct\form-seed55\formal-test\paired\test_predictions.npz
10pct,rhythm,42,clear_hug,0.5,0.2562762712321704,0.8511550369135509,C:\Users\14014\Desktop\CLEAR-HUG\results\q1-six-task-low-label-10seed-20260909\10pct\rhythm-seed42\formal-test\hug\test_predictions.npz
10pct,rhythm,42,heartlang,0.5,0.2530785217102826,0.8328060355317596,C:\Users\14014\Desktop\CLEAR-HUG\src\CLEAR-HUG\results\q1-heartlang-stmem-linear-probe-seeds42-46-55-20260914\10pct\rhythm-seed42\heartlang\formal-test\test_predictions.npz
10pct,rhythm,42,hilar,0.5,0.3026124538316304,0.8716216216216216,C:\Users\14014\Desktop\CLEAR-HUG\results\q1-six-task-low-label-10seed-20260909\10pct\rhythm-seed42\formal-test\paired\test_predictions.npz
10pct,rhythm,46,clear_hug,0.5,0.31363288826839597,0.8227474150664698,C:\Users\14014\Desktop\CLEAR-HUG\results\q1-six-task-low-label-10seed-20260909\10pct\rhythm-seed46\formal-test\hug\test_predictions.npz
10pct,rhythm,46,heartlang,0.5,0.2018376782688394,0.8335731414868105,C:\Users\14014\Desktop\CLEAR-HUG\src\CLEAR-HUG\results\q1-heartlang-stmem-linear-probe-seeds42-46-55-20260914\10pct\rhythm-seed46\heartlang\formal-test\test_predictions.npz
10pct,rhythm,46,hilar,0.5,0.28886756314336653,0.8616060532096657,C:\Users\14014\Desktop\CLEAR-HUG\results\q1-six-task-low-label-10seed-20260909\10pct\rhythm-seed46\formal-test\paired\test_predictions.npz
10pct,rhythm,55,clear_hug,0.5,0.19648508291811198,0.8407522018567007,C:\Users\14014\Desktop\CLEAR-HUG\results\q1-six-task-three-fraction-seeds52-61-20260910\10pct\rhythm-seed55\formal-test\hug\test_predictions.npz
10pct,rhythm,55,heartlang,0.5,0.18956177570640023,0.8323251875151222,C:\Users\14014\Desktop\CLEAR-HUG\src\CLEAR-HUG\results\q1-heartlang-stmem-linear-probe-seeds42-46-55-20260914\10pct\rhythm-seed55\heartlang\formal-test\test_predictions.npz
10pct,rhythm,55,hilar,0.5,0.2275415248340327,0.8464528668610302,C:\Users\14014\Desktop\CLEAR-HUG\results\q1-six-task-three-fraction-seeds52-61-20260910\10pct\rhythm-seed55\formal-test\paired\test_predictions.npz
10pct,cpsc2018,42,clear_hug,0.5,0.41657541025719225,0.5173398612811098,C:\Users\14014\Desktop\CLEAR-HUG\results\q1-six-task-low-label-10seed-20260909\10pct\cpsc2018-seed42\formal-test\hug\test_predictions.npz
10pct,cpsc2018,42,heartlang,0.5,0.0750095603739207,0.16173808086904043,C:\Users\14014\Desktop\CLEAR-HUG\src\CLEAR-HUG\results\q1-heartlang-stmem-linear-probe-seeds42-46-55-20260914\10pct\cpsc2018-seed42\heartlang\formal-test\test_predictions.npz
10pct,cpsc2018,42,hilar,0.5,0.4807873956745532,0.5851627554882665,C:\Users\14014\Desktop\CLEAR-HUG\results\q1-six-task-low-label-10seed-20260909\10pct\cpsc2018-seed42\formal-test\paired\test_predictions.npz
10pct,cpsc2018,46,clear_hug,0.5,0.40564856639666713,0.46656050955414013,C:\Users\14014\Desktop\CLEAR-HUG\results\q1-six-task-low-label-10seed-20260909\10pct\cpsc2018-seed46\formal-test\hug\test_predictions.npz
10pct,cpsc2018,46,heartlang,0.5,0.042247841646733356,0.07662337662337662,C:\Users\14014\Desktop\CLEAR-HUG\src\CLEAR-HUG\results\q1-heartlang-stmem-linear-probe-seeds42-46-55-20260914\10pct\cpsc2018-seed46\heartlang\formal-test\test_predictions.npz
10pct,cpsc2018,46,hilar,0.5,0.42015397230662804,0.5420118343195266,C:\Users\14014\Desktop\CLEAR-HUG\results\q1-six-task-low-label-10seed-20260909\10pct\cpsc2018-seed46\formal-test\paired\test_predictions.npz
10pct,cpsc2018,55,clear_hug,0.5,0.408794616632204,0.4716828478964401,C:\Users\14014\Desktop\CLEAR-HUG\results\q1-six-task-three-fraction-seeds52-61-20260910\10pct\cpsc2018-seed55\formal-test\hug\test_predictions.npz
10pct,cpsc2018,55,heartlang,0.5,0.09199106562802158,0.19791666666666666,C:\Users\14014\Desktop\CLEAR-HUG\src\CLEAR-HUG\results\q1-heartlang-stmem-linear-probe-seeds42-46-55-20260914\10pct\cpsc2018-seed55\heartlang\formal-test\test_predictions.npz
10pct,cpsc2018,55,hilar,0.5,0.36670063066960856,0.5,C:\Users\14014\Desktop\CLEAR-HUG\results\q1-six-task-three-fraction-seeds52-61-20260910\10pct\cpsc2018-seed55\formal-test\paired\test_predictions.npz
10pct,csn,42,clear_hug,0.5,0.24111100367770155,0.5969773299748111,C:\Users\14014\Desktop\CLEAR-HUG\results\q1-six-task-low-label-10seed-20260909\10pct\csn-seed42\formal-test\hug\test_predictions.npz
10pct,csn,42,heartlang,0.5,0.14337393324997794,0.5515698782205285,C:\Users\14014\Desktop\CLEAR-HUG\src\CLEAR-HUG\results\q1-heartlang-stmem-linear-probe-seeds42-46-55-20260914\10pct\csn-seed42\heartlang\formal-test\test_predictions.npz
10pct,csn,42,hilar,0.5,0.25553156618503065,0.6560058415480102,C:\Users\14014\Desktop\CLEAR-HUG\results\q1-six-task-low-label-10seed-20260909\10pct\csn-seed42\formal-test\paired\test_predictions.npz
10pct,csn,46,clear_hug,0.5,0.22313872428930356,0.6072208472849032,C:\Users\14014\Desktop\CLEAR-HUG\results\q1-six-task-low-label-10seed-20260909\10pct\csn-seed46\formal-test\hug\test_predictions.npz
10pct,csn,46,heartlang,0.5,0.13899478305758697,0.5461199367878233,C:\Users\14014\Desktop\CLEAR-HUG\src\CLEAR-HUG\results\q1-heartlang-stmem-linear-probe-seeds42-46-55-20260914\10pct\csn-seed46\heartlang\formal-test\test_predictions.npz
10pct,csn,46,hilar,0.5,0.2658317760956842,0.6612672018348624,C:\Users\14014\Desktop\CLEAR-HUG\results\q1-six-task-low-label-10seed-20260909\10pct\csn-seed46\formal-test\paired\test_predictions.npz
10pct,csn,55,clear_hug,0.5,0.22141849032593974,0.6036469062333104,C:\Users\14014\Desktop\CLEAR-HUG\results\q1-six-task-three-fraction-seeds52-61-20260910\10pct\csn-seed55\formal-test\hug\test_predictions.npz
10pct,csn,55,heartlang,0.5,0.1517316706696797,0.5602941176470588,C:\Users\14014\Desktop\CLEAR-HUG\src\CLEAR-HUG\results\q1-heartlang-stmem-linear-probe-seeds42-46-55-20260914\10pct\csn-seed55\heartlang\formal-test\test_predictions.npz
10pct,csn,55,hilar,0.5,0.25993616924091706,0.6639314762830202,C:\Users\14014\Desktop\CLEAR-HUG\results\q1-six-task-three-fraction-seeds52-61-20260910\10pct\csn-seed55\formal-test\paired\test_predictions.npz
1pct,superdiagnostic,42,clear_hug,0.5,0.4008061614364424,0.5743104158089749,C:\Users\14014\Desktop\CLEAR-HUG\results\q1-six-task-low-label-10seed-20260909\1pct\superdiagnostic-seed42\formal-test\hug\test_predictions.npz
1pct,superdiagnostic,42,heartlang,0.5,0.49281622345377424,0.5787941787941788,C:\Users\14014\Desktop\CLEAR-HUG\src\CLEAR-HUG\results\q1-heartlang-stmem-linear-probe-seeds42-46-55-20260914\1pct\superdiagnostic-seed42\heartlang\formal-test\test_predictions.npz
1pct,superdiagnostic,42,hilar,0.5,0.5523460255075435,0.6341181011192589,C:\Users\14014\Desktop\CLEAR-HUG\results\q1-six-task-low-label-10seed-20260909\1pct\superdiagnostic-seed42\formal-test\paired\test_predictions.npz
1pct,superdiagnostic,46,clear_hug,0.5,0.36241058076191435,0.5355490113588557,C:\Users\14014\Desktop\CLEAR-HUG\results\q1-six-task-low-label-10seed-20260909\1pct\superdiagnostic-seed46\formal-test\hug\test_predictions.npz
1pct,superdiagnostic,46,heartlang,0.5,0.4928224587084492,0.5736434108527132,C:\Users\14014\Desktop\CLEAR-HUG\src\CLEAR-HUG\results\q1-heartlang-stmem-linear-probe-seeds42-46-55-20260914\1pct\superdiagnostic-seed46\heartlang\formal-test\test_predictions.npz
1pct,superdiagnostic,46,hilar,0.5,0.5895594278750962,0.6414885777450258,C:\Users\14014\Desktop\CLEAR-HUG\results\q1-six-task-low-label-10seed-20260909\1pct\superdiagnostic-seed46\formal-test\paired\test_predictions.npz
1pct,superdiagnostic,55,clear_hug,0.5,0.32443035739193926,0.5055487053020962,C:\Users\14014\Desktop\CLEAR-HUG\results\q1-six-task-three-fraction-seeds52-61-20260910\1pct\superdiagnostic-seed55\formal-test\hug\test_predictions.npz
1pct,superdiagnostic,55,heartlang,0.5,0.46514718446980047,0.5659540137152077,C:\Users\14014\Desktop\CLEAR-HUG\src\CLEAR-HUG\results\q1-heartlang-stmem-linear-probe-seeds42-46-55-20260914\1pct\superdiagnostic-seed55\heartlang\formal-test\test_predictions.npz
1pct,superdiagnostic,55,hilar,0.5,0.5170998078623232,0.6131495623021047,C:\Users\14014\Desktop\CLEAR-HUG\results\q1-six-task-three-fraction-seeds52-61-20260910\1pct\superdiagnostic-seed55\formal-test\paired\test_predictions.npz
1pct,subdiagnostic,42,clear_hug,0.5,0.1507470020213942,0.4583622484385843,C:\Users\14014\Desktop\CLEAR-HUG\results\q1-six-task-low-label-10seed-20260909\1pct\subdiagnostic-seed42\formal-test\hug\test_predictions.npz
1pct,subdiagnostic,42,heartlang,0.5,0.0851671042787564,0.3919574763115322,C:\Users\14014\Desktop\CLEAR-HUG\src\CLEAR-HUG\results\q1-heartlang-stmem-linear-probe-seeds42-46-55-20260914\1pct\subdiagnostic-seed42\heartlang\formal-test\test_predictions.npz
1pct,subdiagnostic,42,hilar,0.5,0.08381842844095042,0.425482445942804,C:\Users\14014\Desktop\CLEAR-HUG\results\q1-six-task-low-label-10seed-20260909\1pct\subdiagnostic-seed42\formal-test\paired\test_predictions.npz
1pct,subdiagnostic,46,clear_hug,0.5,0.1387974350356978,0.44404690916318823,C:\Users\14014\Desktop\CLEAR-HUG\results\q1-six-task-low-label-10seed-20260909\1pct\subdiagnostic-seed46\formal-test\hug\test_predictions.npz
1pct,subdiagnostic,46,heartlang,0.5,0.11318189094264187,0.4551451187335092,C:\Users\14014\Desktop\CLEAR-HUG\src\CLEAR-HUG\results\q1-heartlang-stmem-linear-probe-seeds42-46-55-20260914\1pct\subdiagnostic-seed46\heartlang\formal-test\test_predictions.npz
1pct,subdiagnostic,46,hilar,0.5,0.08685102210457697,0.42069279854147673,C:\Users\14014\Desktop\CLEAR-HUG\results\q1-six-task-low-label-10seed-20260909\1pct\subdiagnostic-seed46\formal-test\paired\test_predictions.npz
1pct,subdiagnostic,55,clear_hug,0.5,0.1288148665982395,0.2666997149584831,C:\Users\14014\Desktop\CLEAR-HUG\results\q1-six-task-three-fraction-seeds52-61-20260910\1pct\subdiagnostic-seed55\formal-test\hug\test_predictions.npz
1pct,subdiagnostic,55,heartlang,0.5,0.09177849174772372,0.438844232022594,C:\Users\14014\Desktop\CLEAR-HUG\src\CLEAR-HUG\results\q1-heartlang-stmem-linear-probe-seeds42-46-55-20260914\1pct\subdiagnostic-seed55\heartlang\formal-test\test_predictions.npz
1pct,subdiagnostic,55,hilar,0.5,0.1086930883522404,0.45883326437732724,C:\Users\14014\Desktop\CLEAR-HUG\results\q1-six-task-three-fraction-seeds52-61-20260910\1pct\subdiagnostic-seed55\formal-test\paired\test_predictions.npz
1pct,form,42,clear_hug,0.5,0.04622758757383648,0.23170731707317074,C:\Users\14014\Desktop\CLEAR-HUG\results\q1-six-task-low-label-10seed-20260909\1pct\form-seed42\formal-test\hug\test_predictions.npz
1pct,form,42,heartlang,0.5,0.08084364362487895,0.2043969102792632,C:\Users\14014\Desktop\CLEAR-HUG\src\CLEAR-HUG\results\q1-heartlang-stmem-linear-probe-seeds42-46-55-20260914\1pct\form-seed42\heartlang\formal-test\test_predictions.npz
1pct,form,42,hilar,0.5,0.10294144642680528,0.2541033434650456,C:\Users\14014\Desktop\CLEAR-HUG\results\q1-six-task-low-label-10seed-20260909\1pct\form-seed42\formal-test\paired\test_predictions.npz
1pct,form,46,clear_hug,0.5,0.0903893026380843,0.3732943469785575,C:\Users\14014\Desktop\CLEAR-HUG\results\q1-six-task-low-label-10seed-20260909\1pct\form-seed46\formal-test\hug\test_predictions.npz
1pct,form,46,heartlang,0.5,0.0758346710811108,0.26519337016574585,C:\Users\14014\Desktop\CLEAR-HUG\src\CLEAR-HUG\results\q1-heartlang-stmem-linear-probe-seeds42-46-55-20260914\1pct\form-seed46\heartlang\formal-test\test_predictions.npz
1pct,form,46,hilar,0.5,0.0910132909690784,0.3423728813559322,C:\Users\14014\Desktop\CLEAR-HUG\results\q1-six-task-low-label-10seed-20260909\1pct\form-seed46\formal-test\paired\test_predictions.npz
1pct,form,55,clear_hug,0.5,0.06668466018542746,0.27958115183246074,C:\Users\14014\Desktop\CLEAR-HUG\results\q1-six-task-three-fraction-seeds52-61-20260910\1pct\form-seed55\formal-test\hug\test_predictions.npz
1pct,form,55,heartlang,0.5,0.0680159013836921,0.24150485436893204,C:\Users\14014\Desktop\CLEAR-HUG\src\CLEAR-HUG\results\q1-heartlang-stmem-linear-probe-seeds42-46-55-20260914\1pct\form-seed55\heartlang\formal-test\test_predictions.npz
1pct,form,55,hilar,0.5,0.028198616341185742,0.3115626511852927,C:\Users\14014\Desktop\CLEAR-HUG\results\q1-six-task-three-fraction-seeds52-61-20260910\1pct\form-seed55\formal-test\paired\test_predictions.npz
1pct,rhythm,42,clear_hug,0.5,0.14663757611868877,0.735632183908046,C:\Users\14014\Desktop\CLEAR-HUG\results\q1-six-task-low-label-10seed-20260909\1pct\rhythm-seed42\formal-test\hug\test_predictions.npz
1pct,rhythm,42,heartlang,0.5,0.09270036643155394,0.1747638708217861,C:\Users\14014\Desktop\CLEAR-HUG\src\CLEAR-HUG\results\q1-heartlang-stmem-linear-probe-seeds42-46-55-20260914\1pct\rhythm-seed42\heartlang\formal-test\test_predictions.npz
1pct,rhythm,42,hilar,0.5,0.07200572772834203,0.7614926987560844,C:\Users\14014\Desktop\CLEAR-HUG\results\q1-six-task-low-label-10seed-20260909\1pct\rhythm-seed42\formal-test\paired\test_predictions.npz
1pct,rhythm,46,clear_hug,0.5,0.1171496756851287,0.640079365079365,C:\Users\14014\Desktop\CLEAR-HUG\results\q1-six-task-low-label-10seed-20260909\1pct\rhythm-seed46\formal-test\hug\test_predictions.npz
1pct,rhythm,46,heartlang,0.5,0.14105772406230796,0.8032473734479465,C:\Users\14014\Desktop\CLEAR-HUG\src\CLEAR-HUG\results\q1-heartlang-stmem-linear-probe-seeds42-46-55-20260914\1pct\rhythm-seed46\heartlang\formal-test\test_predictions.npz
1pct,rhythm,46,hilar,0.5,0.1282841070654173,0.7871662992897379,C:\Users\14014\Desktop\CLEAR-HUG\results\q1-six-task-low-label-10seed-20260909\1pct\rhythm-seed46\formal-test\paired\test_predictions.npz
1pct,rhythm,55,clear_hug,0.5,0.09390998288847752,0.7656688493919551,C:\Users\14014\Desktop\CLEAR-HUG\results\q1-six-task-three-fraction-seeds52-61-20260910\1pct\rhythm-seed55\formal-test\hug\test_predictions.npz
1pct,rhythm,55,heartlang,0.5,0.13405878754512773,0.8105237750422399,C:\Users\14014\Desktop\CLEAR-HUG\src\CLEAR-HUG\results\q1-heartlang-stmem-linear-probe-seeds42-46-55-20260914\1pct\rhythm-seed55\heartlang\formal-test\test_predictions.npz
1pct,rhythm,55,hilar,0.5,0.15941295468475658,0.7931119311193112,C:\Users\14014\Desktop\CLEAR-HUG\results\q1-six-task-three-fraction-seeds52-61-20260910\1pct\rhythm-seed55\formal-test\paired\test_predictions.npz
1pct,cpsc2018,42,clear_hug,0.5,0.24217131437390021,0.3203779257032424,C:\Users\14014\Desktop\CLEAR-HUG\results\q1-six-task-low-label-10seed-20260909\1pct\cpsc2018-seed42\formal-test\hug\test_predictions.npz
1pct,cpsc2018,42,heartlang,0.5,0.07438690969443142,0.19070904645476772,C:\Users\14014\Desktop\CLEAR-HUG\src\CLEAR-HUG\results\q1-heartlang-stmem-linear-probe-seeds42-46-55-20260914\1pct\cpsc2018-seed42\heartlang\formal-test\test_predictions.npz
1pct,cpsc2018,42,hilar,0.5,0.207039030836443,0.319047619047619,C:\Users\14014\Desktop\CLEAR-HUG\results\q1-six-task-low-label-10seed-20260909\1pct\cpsc2018-seed42\formal-test\paired\test_predictions.npz
1pct,cpsc2018,46,clear_hug,0.5,0.05873651164286041,0.13593112822836428,C:\Users\14014\Desktop\CLEAR-HUG\results\q1-six-task-low-label-10seed-20260909\1pct\cpsc2018-seed46\formal-test\hug\test_predictions.npz
1pct,cpsc2018,46,heartlang,0.5,0.1527828185473115,0.22606596942880128,C:\Users\14014\Desktop\CLEAR-HUG\src\CLEAR-HUG\results\q1-heartlang-stmem-linear-probe-seeds42-46-55-20260914\1pct\cpsc2018-seed46\heartlang\formal-test\test_predictions.npz
1pct,cpsc2018,46,hilar,0.5,0.029054277741869375,0.06809583858764187,C:\Users\14014\Desktop\CLEAR-HUG\results\q1-six-task-low-label-10seed-20260909\1pct\cpsc2018-seed46\formal-test\paired\test_predictions.npz
1pct,cpsc2018,55,clear_hug,0.5,0.1945450371554602,0.25844346549192365,C:\Users\14014\Desktop\CLEAR-HUG\results\q1-six-task-three-fraction-seeds52-61-20260910\1pct\cpsc2018-seed55\formal-test\hug\test_predictions.npz
1pct,cpsc2018,55,heartlang,0.5,0.09353061722137403,0.20992167101827677,C:\Users\14014\Desktop\CLEAR-HUG\src\CLEAR-HUG\results\q1-heartlang-stmem-linear-probe-seeds42-46-55-20260914\1pct\cpsc2018-seed55\heartlang\formal-test\test_predictions.npz
1pct,cpsc2018,55,hilar,0.5,0.2352408633883424,0.3554913294797688,C:\Users\14014\Desktop\CLEAR-HUG\results\q1-six-task-three-fraction-seeds52-61-20260910\1pct\cpsc2018-seed55\formal-test\paired\test_predictions.npz
1pct,csn,42,clear_hug,0.5,0.06556975673873376,0.18469244013147598,C:\Users\14014\Desktop\CLEAR-HUG\results\q1-six-task-low-label-10seed-20260909\1pct\csn-seed42\formal-test\hug\test_predictions.npz
1pct,csn,42,heartlang,0.5,0.06432148982727241,0.37906203840472674,C:\Users\14014\Desktop\CLEAR-HUG\src\CLEAR-HUG\results\q1-heartlang-stmem-linear-probe-seeds42-46-55-20260914\1pct\csn-seed42\heartlang\formal-test\test_predictions.npz
1pct,csn,42,hilar,0.5,0.09582270146322969,0.5274352651048089,C:\Users\14014\Desktop\CLEAR-HUG\results\q1-six-task-low-label-10seed-20260909\1pct\csn-seed42\formal-test\paired\test_predictions.npz
1pct,csn,46,clear_hug,0.5,0.0,0.0,C:\Users\14014\Desktop\CLEAR-HUG\results\q1-six-task-low-label-10seed-20260909\1pct\csn-seed46\formal-test\hug\test_predictions.npz
1pct,csn,46,heartlang,0.5,0.07064479404117238,0.3691792917557394,C:\Users\14014\Desktop\CLEAR-HUG\src\CLEAR-HUG\results\q1-heartlang-stmem-linear-probe-seeds42-46-55-20260914\1pct\csn-seed46\heartlang\formal-test\test_predictions.npz
1pct,csn,46,hilar,0.5,0.10085072416461349,0.5268284763373651,C:\Users\14014\Desktop\CLEAR-HUG\results\q1-six-task-low-label-10seed-20260909\1pct\csn-seed46\formal-test\paired\test_predictions.npz
1pct,csn,55,clear_hug,0.5,0.03469369474425163,0.13312740149175017,C:\Users\14014\Desktop\CLEAR-HUG\results\q1-six-task-three-fraction-seeds52-61-20260910\1pct\csn-seed55\formal-test\hug\test_predictions.npz
1pct,csn,55,heartlang,0.5,0.07146744079418292,0.40837226015091627,C:\Users\14014\Desktop\CLEAR-HUG\src\CLEAR-HUG\results\q1-heartlang-stmem-linear-probe-seeds42-46-55-20260914\1pct\csn-seed55\heartlang\formal-test\test_predictions.npz
1pct,csn,55,hilar,0.5,0.11358129965239493,0.5219010606428629,C:\Users\14014\Desktop\CLEAR-HUG\results\q1-six-task-three-fraction-seeds52-61-20260910\1pct\csn-seed55\formal-test\paired\test_predictions.npz
