fraction,task,seed,model,macro_auroc,macro_auprc
100pct,superdiagnostic,42,heartlang,0.885037641789182,0.7367002007371104
100pct,superdiagnostic,42,stmem,0.9004121878934974,0.7659058088467979
100pct,superdiagnostic,46,heartlang,0.885027987658507,0.7359535485104232
100pct,superdiagnostic,46,stmem,0.9003899679228444,0.7659623127104148
100pct,superdiagnostic,55,heartlang,0.8854078017911874,0.7368987202840632
100pct,superdiagnostic,55,stmem,0.900531470364989,0.7661244876223859
100pct,subdiagnostic,42,heartlang,0.8942052062145003,0.39061655527879446
100pct,subdiagnostic,42,stmem,0.9154702253646775,0.42848441922080027
100pct,subdiagnostic,46,heartlang,0.8957890775383757,0.39232633605270484
100pct,subdiagnostic,46,stmem,0.9153518996065203,0.4294298452708113
100pct,subdiagnostic,55,heartlang,0.894489825848289,0.3936372926754094
100pct,subdiagnostic,55,stmem,0.9155969527172788,0.4302272655367043
100pct,form,42,heartlang,0.8089483518096414,0.25154841258830224
100pct,form,42,stmem,0.8814791484095853,0.32484457609133593
100pct,form,46,heartlang,0.8103639841025752,0.24785240602641834
100pct,form,46,stmem,0.8820593970694032,0.3271193976475346
100pct,form,55,heartlang,0.8075866988155365,0.2489848705418577
100pct,form,55,stmem,0.8818473922494656,0.32534109587808824
100pct,rhythm,42,heartlang,0.9078229252752896,0.40983330293652576
100pct,rhythm,42,stmem,0.9590065496224888,0.578590655552835
100pct,rhythm,46,heartlang,0.901125743241984,0.42272478586260426
100pct,rhythm,46,stmem,0.9587466923416225,0.5982811590010308
100pct,rhythm,55,heartlang,0.9049802998551706,0.4172891412683973
100pct,rhythm,55,stmem,0.9588533254100837,0.5793230306327929
100pct,cpsc2018,42,heartlang,0.7996913588096913,0.3994243835888762
100pct,cpsc2018,42,stmem,0.9537256777612496,0.7923141358757935
100pct,cpsc2018,46,heartlang,0.8026383867678641,0.4109007191558554
100pct,cpsc2018,46,stmem,0.9540474125347238,0.7930803909919992
100pct,cpsc2018,55,heartlang,0.8011773202370072,0.4083978867154946
100pct,cpsc2018,55,stmem,0.9538098463917785,0.7916218777165089
100pct,csn,42,heartlang,0.8973435721924437,0.3630393870155808
100pct,csn,42,stmem,0.9521528169435688,0.47335438795733803
100pct,csn,46,heartlang,0.8986014613440293,0.36116295904154483
100pct,csn,46,stmem,0.9519356387351616,0.473161570752999
100pct,csn,55,heartlang,0.8991670427198626,0.36262840845102373
100pct,csn,55,stmem,0.952281968572275,0.4733833569249436
10pct,superdiagnostic,42,heartlang,0.8506301297016755,0.6832731602375157
10pct,superdiagnostic,42,stmem,0.8742047427767548,0.707822411991117
10pct,superdiagnostic,46,heartlang,0.8552458605508118,0.6802901373068434
10pct,superdiagnostic,46,stmem,0.8747175831304042,0.7099962118187453
10pct,superdiagnostic,55,heartlang,0.8586589609056487,0.6901732246610905
10pct,superdiagnostic,55,stmem,0.8756586094515683,0.7161050638009113
10pct,subdiagnostic,42,heartlang,0.8067040775376052,0.28443918601674584
10pct,subdiagnostic,42,stmem,0.8518098815167577,0.34221364084566824
10pct,subdiagnostic,46,heartlang,0.8223270251994876,0.2920240526311116
10pct,subdiagnostic,46,stmem,0.8612519321255018,0.32824176714088116
10pct,subdiagnostic,55,heartlang,0.8213581031149266,0.29741880365321494
10pct,subdiagnostic,55,stmem,0.8574935639484866,0.3345022644068312
10pct,form,42,heartlang,0.6714295644401832,0.18152645108068838
10pct,form,42,stmem,0.7843889993416576,0.2515256375083238
10pct,form,46,heartlang,0.6597347245404819,0.18344155196606132
10pct,form,46,stmem,0.751513622912395,0.24535064791786
10pct,form,55,heartlang,0.6670168940532739,0.19095434147544357
10pct,form,55,stmem,0.7569274403248998,0.23716726473955732
10pct,rhythm,42,heartlang,0.8429170611722857,0.3381432350363052
10pct,rhythm,42,stmem,0.9407908327601429,0.48672159066929616
10pct,rhythm,46,heartlang,0.7691498413145856,0.29092681224010314
10pct,rhythm,46,stmem,0.9298860884571737,0.4687582393563781
10pct,rhythm,55,heartlang,0.8176619096794137,0.2710940360437843
10pct,rhythm,55,stmem,0.9468949653863126,0.45605390793709555
10pct,cpsc2018,42,heartlang,0.6723955122944019,0.250313705306722
10pct,cpsc2018,42,stmem,0.886114223330424,0.6140935910104579
10pct,cpsc2018,46,heartlang,0.6753145923046414,0.24889169664282937
10pct,cpsc2018,46,stmem,0.8982137234014781,0.6198837504486048
10pct,cpsc2018,55,heartlang,0.6716648521052978,0.25406835066032485
10pct,cpsc2018,55,stmem,0.8859962139423923,0.6106677106547069
10pct,csn,42,heartlang,0.8057848404245354,0.22569844176819687
10pct,csn,42,stmem,0.8718955490391714,0.34066051535187863
10pct,csn,46,heartlang,0.7828809275506347,0.22426461337688602
10pct,csn,46,stmem,0.8838243842729135,0.35231017258015285
10pct,csn,55,heartlang,0.7941140494178495,0.24041376187917662
10pct,csn,55,stmem,0.8715121994850158,0.3467718563459961
1pct,superdiagnostic,42,heartlang,0.8006335803711074,0.5906651149020669
1pct,superdiagnostic,42,stmem,0.8207606319430342,0.6055932192403124
1pct,superdiagnostic,46,heartlang,0.8058753859226016,0.5982673410384237
1pct,superdiagnostic,46,stmem,0.8171087259026079,0.5856111190855897
1pct,superdiagnostic,55,heartlang,0.7950562093297059,0.573007902205485
1pct,superdiagnostic,55,stmem,0.8017247561550903,0.5434691838504674
1pct,subdiagnostic,42,heartlang,0.664433260067507,0.16754817255825347
1pct,subdiagnostic,42,stmem,0.7696447060378565,0.2158456174304147
1pct,subdiagnostic,46,heartlang,0.6887692283081792,0.19122646231047238
1pct,subdiagnostic,46,stmem,0.7664758268220158,0.19456842048024842
1pct,subdiagnostic,55,heartlang,0.6768017303719718,0.1565203047461086
1pct,subdiagnostic,55,stmem,0.7793935950149288,0.17309998973090532
1pct,form,42,heartlang,0.5668147584820012,0.13003674260620485
1pct,form,42,stmem,0.6398870147409744,0.18393996840524907
1pct,form,46,heartlang,0.5618458323319447,0.12979706076875538
1pct,form,46,stmem,0.6518947280946289,0.16778226100531202
1pct,form,55,heartlang,0.570572483686001,0.141142585336802
1pct,form,55,stmem,0.6691835331725299,0.18355136224768295
1pct,rhythm,42,heartlang,0.6198091111892207,0.10600627459325379
1pct,rhythm,42,stmem,0.8798642364791701,0.33375561768229584
1pct,rhythm,46,heartlang,0.5528819499910713,0.16116265346788541
1pct,rhythm,46,stmem,0.8728195525992785,0.3620219508811406
1pct,rhythm,55,heartlang,0.539687934888036,0.17564710266113726
1pct,rhythm,55,stmem,0.8792252253267159,0.35020142054818143
1pct,cpsc2018,42,heartlang,0.5991628323002791,0.18043320942396004
1pct,cpsc2018,42,stmem,0.7864588448786531,0.40359477943004096
1pct,cpsc2018,46,heartlang,0.5904684517642237,0.1883942184455178
1pct,cpsc2018,46,stmem,0.7982885327906784,0.46983691945225314
1pct,cpsc2018,55,heartlang,0.6069470604249911,0.17789619473838864
1pct,cpsc2018,55,stmem,0.8177564810887602,0.49666585529176527
1pct,csn,42,heartlang,0.6857637092362101,0.11838940657933889
1pct,csn,42,stmem,0.7610549608747564,0.20083205276138352
1pct,csn,46,heartlang,0.6829826989112182,0.1269422419736325
1pct,csn,46,stmem,0.7389465924945301,0.20954715917721642
1pct,csn,55,heartlang,0.6671792194073437,0.1195865890426001
1pct,csn,55,stmem,0.73759354167172,0.1920289784084472
